#{"t_start": 1678696407.6199613, "env_id": null}
r,l,t,Typ1,Typ2,Typ3,Typ4,Typ5,Warteschlangen,Auslastung
-1102.1,343,22.99406,4309.47625996343,4106.796806081669,5561.378589022472,6280.94942638523,5180.413466395055,-1133.4428851165148,-623.2688456178677
-1221.0,361,51.410459,3714.1586076939234,6021.8332747151935,6470.243522311757,8051.634097453394,6105.11880727443,-1194.7262689867173,-815.3871020204502
-1148.0,355,76.631864,3896.1745303777143,4761.320697965391,5758.51621351764,6416.894251230841,4950.509741536218,-1160.810790566025,-1057.255273120249
-1362.2,353,101.733438,6572.608941639455,6466.087985465629,8921.885224869971,7614.228804093546,9832.583641602896,-1254.6894806913176,-796.5067455635675
-1627.0,354,126.310581,7562.106057389872,4899.480668702303,8895.497110732693,7529.712955549805,5900.823441969064,-1400.333223029763,-734.3945106769922
-1573.2,355,151.935784,7232.450862269884,4433.8591842609985,8562.987023137857,5902.1390933054345,5485.2374936322,-1384.6977378919282,-728.3628377064977
-1748.4,366,179.240057,7152.353237367219,4029.5710925988374,9983.515121853625,6973.530999395504,10612.489002528651,-1454.4411679605976,-761.4252918323122
-1399.9,360,205.381454,4727.663220672747,3943.877033579567,6269.9754403144725,6207.437636537216,5366.636635052259,-1304.3567726485833,-694.0228173045151
-1359.9,346,231.284186,5089.440788945085,3770.9631155654133,7090.922690108822,5629.456739419067,5573.842721193224,-1155.2595138478837,-920.534772760486
-1465.6,352,258.443228,6280.147193021327,3147.655002542865,7445.561987539816,7016.590314646899,5397.394866816672,-1369.1309934107926,-823.4928903267391
-1531.4,329,305.289197,4510.130739554847,0.0,0.0,9470.001410298571,10544.715164822843,-1445.596759147963,-7902.485070858534
-1475.2,341,332.55865,4315.75900396771,0.0,4632.831397401625,2905.238214679429,8000.0816356694695,-1466.3394650988105,-16077.663867996878
-1475.2,341,359.373883,4315.75900396771,0.0,4632.831397401625,2905.238214679429,8000.0816356694695,-1466.3394650988105,-16077.663867996878
-954.9,350,393.841177,3707.786651861393,3148.947838413374,6234.3493583141835,6235.023228758133,4683.176644557418,-1061.1425069914853,-845.139221922522
-1419.2,359,420.877265,5627.029300204005,4169.3277433234625,8182.824576550155,6110.239925169824,6140.480530978361,-1285.3848995628573,-775.5157102090374
-561.7,310,447.259484,969.0975905215003,1359.5198829710596,2332.643082151431,2764.855298524258,2972.29081081164,-830.5574801749572,-1013.7306943169622
-625.0,339,480.027824,811.7505463733694,657.8657047617829,2594.3037230548616,2807.720809379552,2232.332507759535,-878.3317653776172,-931.2722696436111
-1164.1,330,505.871321,4140.993761938221,2291.543932062968,5423.203896017896,5206.8657743730455,3901.5860056228657,-1182.02086667836,-1091.6704482510768
-980.5,354,535.494122,2264.66451966712,1875.7045349209366,4269.634164324658,4188.014261419017,2693.739819416921,-1035.8692896125383,-1090.0457794686079
-1357.5,358,561.887311,4146.170214783028,3161.0737265726234,7293.917718051118,6150.443984419014,5456.8239539564875,-1229.9800796501584,-1499.1197356878347
-129.3,304,589.474215,373.1605340936864,344.7062745730562,994.0627931700647,1021.857472864318,1491.999869521892,-289.8848788493796,-1007.0973352168505
-17.0,303,624.589182,356.5056981745972,324.91567578020465,751.7571967890527,686.9645727253394,808.2720773778681,-96.0153897900538,-1147.9752871871472
-40.0,304,661.383685,350.8247859372065,349.08745062217156,611.5725560963264,758.4404909264559,796.9490565791373,-65.99674767703038,-920.7227204407436
-235.1,303,708.30405,432.3856170531275,0.0,0.0,0.0,0.0,-109.06331372755898,-25384.010038827815
-234.1,303,734.369493,432.3856170531275,0.0,0.0,0.0,0.0,-109.06331372755898,-25384.010038827815
-246.1,303,760.062538,432.3856170531275,0.0,0.0,0.0,0.0,-109.06331372755898,-25384.010038827815
-52.6,305,806.272727,349.88233037278127,327.65500781626054,863.9176743903157,989.8404291040513,1132.1996747402527,-162.5819704554429,-901.0078569923719
-62.1,308,839.513351,386.4817761145111,323.1153049182334,744.3181460618536,856.2546896921847,990.9890406174977,-140.83300991712272,-884.7987017172102
-109.9,309,872.54615,355.68820118265455,338.3584787022522,699.0000587653342,1179.80473242576,1028.8740074795755,-172.57207701076294,-768.3493054915332
-161.0,320,906.619037,378.52396946561475,325.61472388381804,946.9889909824354,1392.5340672792822,855.6694411753978,-226.77586192787322,-1657.8839188896188
-154.4,318,939.907173,382.44212277686535,403.63316769347284,737.9987353533597,1308.0258493962265,1196.3926952702493,-209.90587458933976,-1098.0574836510486
-180.7,328,973.331512,401.6380776870252,393.32942758197004,833.8092138461667,1241.8310672998748,1567.4981096043073,-261.17675871252186,-1242.0526394116052
-255.3,329,1005.735826,467.36831675490794,408.5151248751764,1322.2047935776623,1815.2572997323425,1318.4685976246788,-337.9597699027253,-977.9833990595622
-50.0,302,1037.830625,360.1005499344236,326.21265122833734,701.0713900976502,591.9217889298309,929.7905445285945,-69.27292955501439,-1687.7872634361736
-129.7,315,1072.494833,408.65872299765243,355.4679187389454,810.6843051377177,679.8876633055334,1112.9557089170883,-193.90858279690264,-1072.1756709271617
-43.0,303,1103.510276,386.5212991838815,328.9486756471244,535.5728910391649,573.7806741816408,836.3673486402098,-56.75094888101559,-2450.5049672300047
-159.1,302,1138.009854,474.31947179326477,331.7431122156371,0.0,0.0,0.0,-62.26319873649946,-23440.034844618658
-135.0,302,1162.953386,463.4249743755022,331.58045551037344,0.0,0.0,0.0,-55.10778120850014,-23435.309945221954
-148.8,302,1189.142907,456.13624848363526,330.60757718685176,0.0,0.0,0.0,-53.281126521040974,-23435.34635832928
-128.4,313,1214.930065,362.72902778496416,339.5481701613889,964.1805523311934,1112.944354177703,912.9438907212983,-221.0031605938876,-939.2566165482602
-54.7,309,1245.979042,380.0000692744608,329.7160211908589,645.6555212782515,745.7498524586636,979.2075280947066,-117.88554115173922,-2210.9451559348295
-46.8,306,1277.584718,371.8273250460231,333.12829246047676,745.1431154218621,783.2978427389141,823.7832893983996,-112.83339684612825,-2218.6660587633805
-49.6,303,1310.448882,386.91937172078224,332.70314870165794,591.7129755613049,775.1071515037169,905.4844595072348,-81.7193096180946,-2158.5488287005487
-51.0,305,1345.888673,377.92159603583724,302.9400251902452,579.2938927341985,717.6325086581027,750.2217459653202,-65.00181152402523,-2525.0006559664366
-103.8,310,1381.420319,362.67735093071326,332.1878208555281,679.1581148576257,762.7130556770803,1104.8733843050202,-134.1532566858152,-1200.353882306147
-32.0,305,1415.446803,382.12482997827567,340.7623978274405,520.0464098613659,565.1340176179692,679.017741933528,-49.24882671952144,-2482.981291618818
-56.0,302,1448.890314,353.5716205858104,327.4574376114443,618.3025801592927,693.4772496858653,849.0464359052262,-60.28347989753609,-3785.432084676782
-228.8,311,1482.496504,454.3890441836496,467.6543686622824,1158.8146814033869,2070.682355237214,1775.5436448279627,-344.75327989228424,-2457.9066975896703
-108.7,311,1517.155649,377.455771674034,328.9734376530528,725.1953542218545,1191.7407716376097,1111.7266394703988,-210.56525505253785,-1950.764786544919
-135.0,302,1577.953176,460.81468172678814,329.13358522934556,0.0,0.0,0.0,-53.76614042200027,-23344.90356905001
-156.0,302,1606.852923,410.2812621448371,330.85950294202223,0.0,0.0,0.0,-41.244159748001344,-23358.62796559817
-135.0,302,1634.79319,425.9316344446116,330.882173827081,0.0,0.0,0.0,-43.37971876349596,-23325.62580363064
-119.7,310,1673.75286,361.64406951519567,327.4008041001801,649.9426855108596,961.0880466370056,968.3307148883248,-138.90861962100502,-2704.9201956276747
-51.4,302,1709.673028,364.76912594917405,325.45002545333864,622.6152095400697,647.9849659446996,929.1658472088504,-69.37343851701957,-4635.787941835638
-47.0,304,1745.79299,370.826834620002,338.6447034332376,546.1973508296843,658.977439672846,697.2358962678487,-57.19816247651555,-6723.4907359445115
-37.0,304,1781.812846,355.3363096326142,338.8363439108646,527.3040297797819,622.1934294794053,1030.8850616500963,-39.06342298502762,-9859.416068636609
-43.2,302,1816.734802,362.5154693998535,338.47112847259154,563.7042584399766,709.1992281743,832.56164711477,-58.439294301010214,-2598.3215730973484
-37.6,302,1852.330461,380.461804379912,329.1516764029448,572.9255214772204,826.8133388969105,881.8646333943204,-76.02483887508808,-1621.7040445147586
-36.3,302,1887.3755,361.1530908692311,323.6503790274394,654.7721517983928,805.6114523052854,806.2897478709148,-81.24718767150812,-1609.2280290559718
-51.9,302,1926.854136,372.79330600568903,333.4584918509929,723.1766498783281,628.4930959904539,1051.7445411812978,-97.68669840101047,-1813.1629688896244
-71.0,302,1965.034023,347.5526974620294,322.8015281870061,615.8761015820526,729.747395458312,810.3698077066414,-45.87951332155202,-3714.3722286790517
-36.0,303,2001.000889,377.74061389105987,329.1214416815957,570.2715681202636,810.8746494218553,859.4445583495183,-69.77547436504037,-1555.1523874351967
-225.0,302,2050.525926,0.0,338.8168998204127,0.0,0.0,0.0,-32.40039680000735,-25216.741930079046
-237.0,302,2079.085878,0.0,338.8168998204127,0.0,0.0,0.0,-32.40039680000735,-25216.741930079046
-224.0,302,2106.030186,0.0,338.8168998204127,0.0,0.0,0.0,-32.40039680000735,-25216.741930079046
-44.4,304,2153.773467,369.76861758600285,320.2764131842325,633.2868145887677,742.067312461239,840.7341486737258,-75.89815543457529,-1349.0369319253675
-39.4,303,2187.659973,355.2863243539292,349.41558477244286,577.8429823491017,791.518302691404,777.5081739754818,-67.18254828699894,-1232.6280446626915
-39.0,304,2222.311214,354.7574556588846,353.3490714668587,605.603832210866,798.1133500808969,969.0267149477116,-68.88842461606035,-2193.720978751727
-38.0,303,2255.926612,366.5612748941776,347.00009388770724,566.6716674013188,773.3118635805588,838.4185919729988,-69.22775180753526,-1122.3663505349546
-24.2,303,2288.390416,363.3195076868671,342.5928851768966,628.1704619589572,793.1624385687663,789.61096476624,-79.86036913752912,-1440.516417283681
-46.5,303,2321.059827,354.1089623622125,313.250732187363,818.6087609305582,807.9082874662435,865.3518873720808,-123.76919775932036,-996.4956458389416
-105.9,302,2353.222411,355.3443324825095,326.79426251998444,745.1657520724128,872.9308191006505,1477.4096956717185,-157.0719749274374,-3473.7785718517766
-48.5,302,2385.479352,374.6384917534918,334.2689357298249,656.9961143403207,997.532345142616,1002.3724051244784,-106.5419836456893,-2560.1513323082054
-33.0,303,2418.798378,372.9044458432446,331.47553741632123,524.7216157028937,692.8968407048861,686.0666961623527,-47.31428562803732,-2300.8061838826447
-39.2,304,2451.769938,378.8904624805306,340.1989012221466,613.563004625696,683.4160998435195,872.258319380817,-58.93419118612954,-2043.0405830665038
-185.2,304,2488.61029,454.92122101057527,298.89539264388065,427.8152589102265,0.0,0.0,-128.10410623699866,-22539.76621421409
-200.6,304,2515.104366,448.7315750106578,345.07499846327676,477.1487380951803,0.0,0.0,-122.25252919003988,-22764.384772036676
-185.2,304,2541.507224,454.92122101057527,298.89539264388065,427.8152589102265,0.0,0.0,-128.10410623699866,-22539.76621421409
-97.0,308,2568.154823,376.21013932233205,316.53536390908897,786.4807223753916,1091.2894172302522,977.403401726749,-174.12291132375904,-1135.3826011389338
-67.6,309,2600.555738,359.2416117718884,323.2470096139097,713.3047286750453,881.1048845999482,1069.7387092844906,-154.4565251255246,-1785.4251756073086
-26.2,302,2634.83736,366.08199305510067,338.2746858996118,627.2770585484266,694.454508550198,861.8201713215617,-73.47122300011205,-1815.5618738047438
-59.4,302,2670.181274,358.81441941625144,353.5671631006396,655.0599660882651,938.1514830079768,898.6726922420821,-134.42506674321788,-4222.6956842426225
-40.0,302,2706.593911,365.591040040909,335.25423912820503,543.9239307289201,643.7083626023821,659.2143197472872,-57.74588503402067,-3381.828519912513
-61.9,303,2743.651023,366.5783990690938,347.303707605294,783.3718230076711,977.9125911992838,919.6217270435487,-162.29926250112084,-2808.588546253008
-28.2,304,2779.915241,371.2271191328672,322.86025678283335,611.6112302575201,697.6232805088603,818.3491257345778,-71.71001545652459,-3092.160173664911
-34.0,302,2816.610983,371.5479624266248,341.4298577332056,505.1421304266851,602.2203378572672,751.4163885927561,-34.8826604489967,-2185.6348744292563
-35.0,302,2853.600842,365.7610908722328,333.934950672836,544.7900786654308,666.2807610365064,784.893624407427,-61.56978946950983,-2190.6276129394487
-49.7,302,2891.163856,353.85402776485085,324.53310209345966,661.9565753044272,908.2993265073002,931.7313505834642,-105.74195410209582,-1463.800396737892
-121.2,302,2961.03804,483.8352406313469,331.3426880397688,0.0,0.0,0.0,-110.90897168398978,-23669.729171361414
-126.2,302,2991.827992,481.6951777125177,332.2093236839963,0.0,0.0,0.0,-107.77847651549007,-23665.32027957994
-185.2,303,3021.758408,455.2727676322686,305.08525868902603,0.0,0.0,0.0,-128.7975155039882,-24009.933626409143
-29.4,305,3060.801844,379.23502016090356,332.6624874617287,649.4054143002754,695.9010887647333,850.8721428557384,-97.42139593028226,-1476.2510499372527
-14.0,303,3099.346826,377.27452257963967,342.81110024432,625.0925905654344,631.5127646215375,919.1564096428287,-82.44314174852364,-1975.2086327133168
-42.1,306,3138.318799,381.5802344911798,337.153203563239,691.1550941474698,959.8274452518551,1140.6408561506453,-142.6526777323241,-1280.2715373243377
-36.9,307,3178.075431,354.98536468625514,331.30576875487003,629.1680861338523,825.2012959060676,1140.2722375934652,-112.36717998165662,-1332.5287245778438
-35.9,305,3218.652397,368.04395878711796,335.2780502334357,695.9492308622582,891.7721197305457,1132.6647786555218,-136.92759978859996,-1755.2393048451686
-27.2,302,3257.610098,381.833069554309,326.3396279945483,488.5499274591489,852.5624311626677,877.7826385668337,-69.47394747902489,-2540.7277869138647
-57.4,308,3296.777247,374.895272837555,335.5514528883246,670.9231538133688,915.4164705951389,914.0148197809915,-128.38859631397617,-2452.176239165005
-58.4,304,3335.36338,352.4757692486387,341.8931258847269,757.981215533953,900.687284819357,1114.992950388918,-142.4953651958877,-1511.7912732211414
-143.3,321,3375.851629,391.2961472534436,399.1501949100719,688.1665819340446,1052.9978907551256,1792.9914356717638,-257.77062126220807,-2506.8975959155755
-52.0,305,3412.850428,358.2096721986061,328.61528826580394,682.4306689369221,1007.5243012806585,1259.784754336383,-140.1737502009564,-3113.8114699825396
-211.1,303,3469.169519,433.66145992157936,381.93305520656156,0.0,0.0,0.0,-107.27445934555914,-25277.692661347777
-223.1,303,3500.328375,432.7485537222163,388.37326214722924,0.0,0.0,0.0,-108.61610013205902,-25371.009636340164
-217.1,303,3531.577882,432.83936179230693,391.97052367264735,0.0,0.0,0.0,-107.27445934555914,-25368.72256356298
-32.0,302,3584.128268,363.4068134145228,333.60095407832574,509.29399534142544,614.6768991296706,656.7304139162902,-32.45572801453346,-4112.3983468713
-47.3,305,3624.190217,370.89337058733656,327.3939584692717,621.2241319260354,838.277020811636,925.8639052275082,-104.08027726063746,-3875.176355534881
-20.0,303,3664.047368,376.9519350653564,324.98196283211536,603.962986743111,745.0645974888578,767.3386395640078,-69.83080557956659,-4127.336140551055
-52.1,309,3704.686966,345.8252140774779,340.99707370295175,623.9478983896933,869.291115176237,1287.9082866562928,-149.41747900677063,-2457.136889093085
-62.9,304,3744.455237,367.2491599236581,333.71336627367316,778.3844299321112,888.1758537255096,1497.3806037272013,-151.6720807632358,-2343.6496480368537
-20.2,302,3784.443134,364.99849743035617,352.636234504965,541.4593672174339,629.2573593752822,934.1395287086553,-60.831202455041314,-3066.745080174047
-24.2,302,3824.979543,357.8685013257067,360.2824954261713,599.9107130396814,756.9904428100884,837.9718574144763,-87.56350922303366,-4114.709773715372
-81.6,302,3866.391593,364.7500060445796,333.2242794310164,661.737210360608,996.130008017825,1779.1441611872835,-177.3352306809904,-4186.720384190032
-23.0,302,3909.015712,348.5332867745776,351.3601653233848,535.294710898105,726.3151103369191,776.5018612374383,-62.41903891303074,-4183.2241666753525
-21.0,303,3950.517226,369.63287336000855,334.13692270833764,552.5130260475079,631.3045007254399,717.3630083102801,-52.3341441405421,-4472.366125262974
-399.0,302,3993.233502,578.4659319120959,1058.3263790434144,481.8526791435063,3543.1926895659985,0.0,-428.29516888554406,-19875.76680303562
-137.1,302,4025.000028,547.2617605336713,338.392222706739,390.681167288235,0.0,0.0,-99.67182822205983,-21180.145828844303
-416.1,302,4054.887696,539.5433535969955,1338.0876404102444,906.7449792529616,3143.8339997909716,0.0,-460.79367535808353,-19825.744629211953
-4.4,302,4084.701513,369.8402452622095,315.025025703602,598.1329597169467,833.2498266009117,1001.9996982629472,-87.80970489452318,-3669.03626014095
-52.0,302,4120.974321,355.91686928120566,332.2733839569521,583.6599589642425,844.683507811541,882.2206218127036,-76.54638695408569,-11001.290573637501
-32.0,304,4161.242184,359.9732144643305,354.38596127072026,517.6534908734916,722.9990248647358,795.3820595980606,-61.52461172203077,-3827.10546038874
-25.0,302,4200.937034,365.8838957525511,355.44875049978145,514.6757681446164,763.2420665717681,794.8447193720484,-63.66017073752542,-2209.1195459454343
-82.5,305,4241.216984,351.5738932305527,339.9792919809123,786.0239329895919,794.9400649052534,1188.4224781931882,-158.6579646486524,-3763.6231970120334
-33.5,302,4280.329132,363.1980281157781,334.04946639270287,699.8945086895314,781.9299233313958,1100.698523577241,-120.90351096152018,-3991.63673804629
-25.5,302,4319.84042,381.9212480036134,323.07751626310915,674.7299943419711,779.2702103627099,902.0567523909699,-111.10704488819046,-2863.153024833775
-47.0,302,4359.126401,380.9203156306568,336.7456330232818,703.2268507446762,709.9471978007117,985.3164690870271,-120.17248572634932,-8048.289867075238
-33.0,302,4398.966722,365.58717146507325,336.5118136633146,574.4653034131874,884.4122554231918,770.1488320411739,-91.78797714663881,-6154.873852584661
-45.0,302,4439.104149,364.86137514324207,327.86744982981475,527.6179139442306,758.6341583816127,799.7582035459784,-46.01782258901654,-5605.995892548825
-261.0,302,4507.449091,503.37733074578307,485.8568245428571,0.0,2452.1586495304537,0.0,-255.4327238437399,-20741.030371491735
-274.2,302,4536.298842,537.6786658464827,601.3004519307475,0.0,2735.1547512332872,0.0,-313.73961708854296,-20575.72473515098
-589.4,302,4564.402421,542.9157197222581,1819.612796233029,0.0,4172.105061780759,0.0,-594.7112387447906,-20486.247502247028
-34.0,302,4602.94338,371.23481890782256,337.3399013969303,544.8682370359776,669.1050740123036,739.8736533053884,-55.50981705652092,-2194.3895137011204
-45.8,307,4642.165211,361.98026442807804,338.3503482274354,764.8972392143407,857.2672906527996,868.6480359998741,-135.43759979785543,-2104.191511960615
-13.2,305,4681.078045,365.6743106313959,336.16691837656765,626.3552054581005,963.0329293666647,1035.5594234439975,-100.778899164022,-3120.912279591586
-21.0,302,4720.367943,341.70844524690665,319.06285002850007,670.4181929938175,847.5573396645385,1009.5003397694697,-103.07029835604784,-5005.273846968784
-50.4,302,4759.61186,360.32250866479643,338.9552903366686,776.135903223743,838.5739955954482,1141.19286527707,-163.40081893072997,-2346.059227378909
-24.2,302,4799.546751,366.5275619090984,339.48335181234233,553.8119971357168,674.5101364189061,973.8361721698141,-64.90130256202008,-4060.867372246896
-43.4,304,4838.671904,372.1979167918861,327.3023258671502,704.8149730559089,766.5534059531334,988.7220250823784,-101.78398878407407,-4708.895547643489
-93.9,304,4877.754309,358.44337611092664,334.4968655889509,876.8300999682972,1036.2416487171317,747.3920750077614,-168.575703077674,-2532.1177823207113
-37.0,302,4916.815942,360.82719165521235,326.0809437873585,641.741175451191,795.2235117836277,989.0224232628216,-82.6491011646141,-2823.074422914411
-32.0,302,4955.890953,353.8649978832373,351.9478413875776,613.7459694331518,729.3062156022512,892.4137638327969,-71.11711515154035,-1767.290255386385
-270.7,302,5011.606769,611.7852500247953,463.7556507991879,0.0,2160.231351079935,0.0,-314.3791399239138,-20535.037388843688
-213.7,302,5037.491924,488.9131827210579,472.99930031667094,770.8651868935303,2065.982257711499,0.0,-241.78776218330404,-20173.00981984731
-187.7,303,5064.26732,468.71170929543257,459.15094032902743,680.7142311187745,1908.4066578974964,0.0,-219.3227726663633,-20368.53364416534
-42.4,307,5111.181332,369.1669642949745,343.8291482541719,684.6055562019817,815.8655722517424,1466.100986796447,-115.79182459415239,-2636.93780657184
-26.2,307,5148.262589,348.8963444896945,334.678261242942,702.2128877335584,624.5038653478474,824.5947582268776,-67.52778056058887,-1633.1640006252933
-116.0,309,5181.920132,351.39969367887585,337.3101994443141,681.6034501522907,1318.6609485722124,1170.1869831299541,-185.37588823779456,-2293.327991053698
-45.0,305,5216.137667,375.7151409546571,342.8995894023731,582.4250441799147,601.9700988628628,874.1413641565223,-60.58500678355178,-954.1897329485103
-59.9,307,5250.874022,394.9440366298851,322.1836008418388,747.3578488912052,735.1244114685499,1081.9230900966893,-120.46195063811669,-1188.6511795780657
-57.0,308,5284.75989,343.57178748761396,355.5429675017758,636.9909752819063,978.1351959668198,947.6699731267441,-131.1649058766945,-1675.6268643051606
-49.6,309,5321.123378,364.3945794939263,346.3872229620108,749.3058688005428,808.6605124270767,1030.8815384682193,-126.07792162792916,-1463.7649032108118
-70.4,308,5357.721762,396.4237867790761,347.6500422427036,646.0685612495068,1036.9758889408824,956.6649782393547,-131.62131509439652,-2671.560246829405
-83.5,308,5392.061653,358.82458618268305,345.4232881678467,580.8207612973387,890.0518160437543,1094.8622184419858,-136.49468570181503,-2553.07169096108
-96.5,308,5426.401804,369.8893132113725,339.0942963127101,601.9348022942518,877.3383498782318,1230.2453739492441,-154.4894304441328,-1195.1745944165434
-179.6,303,5464.082403,435.03772909308464,341.5230348283339,0.0,0.0,0.0,-109.22062626399513,-24153.416278321107
-206.1,304,5490.392589,433.78927039579077,345.7555204474537,0.0,0.0,0.0,-104.5911777725594,-24316.20524157165
-221.1,304,5517.11083,437.6731099704769,332.8273586279712,0.0,0.0,0.0,-106.82724575005919,-24418.03721915921
-41.0,302,5543.421046,385.87418237991557,333.1436596452851,604.455493912183,703.1918643431452,907.3095659431161,-80.26240498554994,-3920.8159820061715
-33.0,305,5573.921012,407.68387757015984,344.8503654942508,658.3680467536236,751.9461974589341,968.0257941276512,-109.74070198308797,-1920.3992540174847
-28.8,304,5609.922438,370.497845385284,337.20838185408564,584.6610898874643,734.8038101415516,1129.592350784229,-104.31143018054256,-1636.5451693177797
-29.3,303,5646.33161,370.73152464099167,332.3512116662842,632.86441232877,793.8178528946595,877.4143554362794,-92.87326879460221,-1754.7171241445544
-126.9,302,5684.108372,363.71861103347186,343.5294236924046,892.4671175990486,857.0369247319402,1555.9593930811636,-198.2009939466424,-3740.608762220432
-62.0,303,5718.626742,360.9421193668036,350.393078110216,694.7582508873779,784.4026243816028,1377.5091610674872,-159.5406681847472,-1510.0603371368131
-54.1,304,5754.070521,372.9541437743834,348.30642733123136,778.8233202302448,895.3777687615183,1231.471788529072,-172.8405460762804,-2592.2787912794543
-50.3,305,5791.312433,375.3358990806272,324.9118344814365,632.5721542572686,900.9214335958575,1379.5945978901916,-142.05513847264587,-3110.7070645862377
-12.6,303,5828.004876,376.7256155714189,320.5967367044088,577.4362468521441,938.7690872051487,1086.8302337689554,-112.97761119570778,-1712.012368974234
-119.9,305,5863.273939,361.7512443296496,350.66958465047315,738.3592716157905,1465.4005264364816,1149.863652614269,-215.84635562682783,-1794.3628605792212
-35.4,305,5897.812269,358.01338556589525,343.4291308388824,561.3772695272821,764.0515594774962,891.9421855385319,-88.8673497040742,-3819.027430145122
-142.7,302,5926.241684,527.7346833326832,334.9629175724427,501.47293479738966,995.4102006439774,0.0,-108.157570472358,-19338.75938023685
-125.6,302,5953.814847,506.36974296456884,332.76487019380386,423.50172167438814,0.0,0.0,-81.84008797649236,-21238.56998806143
-123.2,302,5983.339955,533.8210483358307,334.4033979124424,370.47939534892043,0.0,0.0,-92.12600067299145,-19418.94717767456
-69.3,309,6020.455491,362.33885746199996,342.5849419651491,622.5389973405656,886.820334554525,1185.0468961781637,-131.5372200218384,-3416.3451757607313
-54.6,306,6057.822856,361.05784682529224,338.1064484009405,563.0165752599087,813.9044190403475,961.6275468464432,-111.48603531479134,-3285.4653712736913
-24.0,305,6096.067811,368.55557536947657,352.2686429781049,562.6137337181399,700.8875331830318,929.484033101873,-89.26938555209506,-5271.851794106345
-22.0,305,6132.172065,366.97318678578324,367.7649810484901,555.5893531617295,680.5990056419907,813.2241076008529,-59.188034782525776,-4277.313164626093
-32.3,306,6166.879991,366.2471191997963,323.1900338681294,714.8380451355096,856.1073103888519,925.1013982220767,-149.23567058421565,-2299.9521745184215
-21.9,308,6202.27695,386.7771482188435,327.62506827189526,645.3375612989126,728.9377558684665,991.7255640909206,-115.14949815675688,-1964.9402099545782
-75.4,302,6237.904486,364.12035265399635,354.2841069758278,679.7357204720853,670.6901735456468,1524.9687250336565,-113.75990359775068,-6561.070638874341
-58.8,307,6274.104151,364.07893162360324,330.41970141535336,622.859763220107,996.4534178151043,878.0943919906969,-132.75168629843017,-1003.5453592577607
-16.2,306,6308.453462,366.6168836441648,342.91577059682237,710.3858292794432,772.2525766832329,1028.803047973459,-136.16410442304493,-1849.058985428814
-35.5,304,6346.111696,392.08992191492825,332.5402931879413,564.0404278870286,785.5836661298723,863.6602755992185,-105.84557347999832,-2082.374369112984
-140.6,302,6399.24376,547.9430914378853,329.1793191888672,571.6062664263605,0.0,0.0,-90.15365927604793,-20714.11088578204
-135.9,302,6426.3452,535.1684191593283,333.21132252244183,485.67456922282986,0.0,0.0,-90.38085167856589,-20338.27279152924
-145.1,302,6452.586823,530.090313571112,333.59014679930095,685.8721658298603,0.0,0.0,-94.11587297900171,-19888.082600957252
-22.0,303,6496.657098,370.6075470895153,327.7244234796738,633.2581725660209,810.542811236219,965.4456881114274,-100.0098892861138,-2195.8849929381186
-155.9,314,6534.931675,409.17629671401886,379.8086763563049,715.6031432641824,1590.1356813151958,1206.4049639562643,-286.6050006653257,-1344.5520616367628
-27.0,305,6569.850891,372.65149508809714,331.7689138431811,684.1748801127872,1006.6797729623814,862.8401448375771,-126.40139650272637,-1457.816232191718
-18.0,303,6606.08075,352.8801138950862,345.3847873785144,555.2244976934625,697.4481420407291,805.9775024521209,-67.43889742553544,-1116.8839986251523
-100.4,308,6642.198758,354.28109654146874,338.36172858860886,614.8997725487015,1265.5141855189884,989.6267930930867,-180.99581093702804,-1592.228851492812
-22.3,303,6676.1659,375.81869789165864,343.38490608186106,584.9284978732045,823.2725219499936,878.9224918268226,-92.68387669754357,-1463.439772626082
-21.0,303,6711.1169,345.943620095415,331.82646100506565,583.8837446893732,635.372449037082,876.9098922150146,-61.122575874009925,-1232.622022050721
-87.2,302,6747.160823,383.7593025564499,330.6267661586004,675.324113063448,799.2162398476698,1097.7661210897643,-88.38233580311484,-4722.629109781969
-26.2,304,6784.179259,368.3733798043174,335.1750335581553,608.359372119805,808.3397589574005,783.1562211579753,-75.73546402032719,-949.1751088982014
-59.3,302,6820.709487,364.405937906562,324.96698009238014,792.4544789707398,788.9842545344924,1062.1042404541754,-142.34493777528354,-874.8030972930288
-115.0,302,6862.483186,356.75019177057567,347.67400966430864,400.7139000996605,0.0,648.4495585397092,-26.3856021344975,-7849.357121294545
-114.0,302,6889.554029,342.68206295739805,345.5984804265742,517.9396563092766,0.0,720.6568863910168,-35.08367837300711,-9391.652991554558
-117.0,302,6917.626688,367.7837143233775,346.18453517680746,528.0202235551922,0.0,707.0307009035075,-37.62127323652255,-8482.577066282895
-100.7,304,6944.449129,347.616455499313,338.6380538876927,797.6834505746874,1208.964031149928,1047.5372183270326,-166.04878687557766,-858.7646154887117
-75.9,305,6974.057562,395.6143651322955,324.7929826456828,811.73637025465,930.3430067624795,1138.6868795229566,-171.84807048323788,-726.4426115081717
-62.0,305,7010.069958,388.07801744935267,331.01541772620106,637.9462801982916,717.0644640702122,966.7792152054569,-72.72248251859652,-968.5158468749659
-42.0,305,7045.692041,365.152372607726,344.49036700353133,614.9701361582045,609.3318859633818,877.644322792975,-71.86585563305597,-726.166675350083
-154.4,304,7081.090989,364.0594853647717,327.7262614762507,844.8308430598717,777.5238769702779,1259.2424964381544,-224.18288127727482,-861.7886419650486
-78.0,305,7116.846932,356.35642440841326,345.8462177947367,647.7089042210621,656.5685269991212,1033.2460481237936,-90.00797256656358,-874.7222986848952
-119.4,302,7151.185481,369.7658737014751,360.2832760999324,951.4231633476695,974.5117279393015,1172.7819859998667,-214.8282116480696,-886.4481835256951
-75.4,302,7186.782381,376.37435428491113,335.336523816469,681.7579297924669,734.9342489650327,926.2359705996756,-96.80389703696237,-842.9131530109674
-39.8,302,7223.020542,369.5318982507212,341.4601234130471,698.162412387467,759.9841931138786,886.2594421175954,-90.35193871273238,-887.317125213577
